{
  "id": "4473765",
  "name": "网易云音乐使用",
  "font_family": "iconfont",
  "css_prefix_text": "icon-",
  "description": "",
  "glyphs": [
    {
      "icon_id": "18939001",
      "name": "快退",
      "font_class": "kuaitui",
      "unicode": "e68e",
      "unicode_decimal": 59022
    },
    {
      "icon_id": "18939002",
      "name": "快进",
      "font_class": "kuaijin",
      "unicode": "e68f",
      "unicode_decimal": 59023
    },
    {
      "icon_id": "18939003",
      "name": "播放中",
      "font_class": "bofangzhong",
      "unicode": "e690",
      "unicode_decimal": 59024
    },
    {
      "icon_id": "18939004",
      "name": "更多",
      "font_class": "gengduo",
      "unicode": "e691",
      "unicode_decimal": 59025
    },
    {
      "icon_id": "18939005",
      "name": "听歌识曲",
      "font_class": "tinggeshiqu",
      "unicode": "e692",
      "unicode_decimal": 59026
    },
    {
      "icon_id": "18939006",
      "name": "暂停",
      "font_class": "zanting",
      "unicode": "e693",
      "unicode_decimal": 59027
    },
    {
      "icon_id": "18939007",
      "name": "上一曲",
      "font_class": "shangyiqu",
      "unicode": "e694",
      "unicode_decimal": 59028
    },
    {
      "icon_id": "18939008",
      "name": "下一曲",
      "font_class": "xiayiqu",
      "unicode": "e695",
      "unicode_decimal": 59029
    },
    {
      "icon_id": "18939009",
      "name": "退出",
      "font_class": "tuichu",
      "unicode": "e696",
      "unicode_decimal": 59030
    },
    {
      "icon_id": "18939010",
      "name": "历史播放",
      "font_class": "lishibofang",
      "unicode": "e697",
      "unicode_decimal": 59031
    },
    {
      "icon_id": "18940614",
      "name": "电台",
      "font_class": "diantai",
      "unicode": "e698",
      "unicode_decimal": 59032
    },
    {
      "icon_id": "18941494",
      "name": "音乐馆",
      "font_class": "yinleguan",
      "unicode": "e699",
      "unicode_decimal": 59033
    },
    {
      "icon_id": "18942266",
      "name": "视频",
      "font_class": "shipin",
      "unicode": "e69a",
      "unicode_decimal": 59034
    },
    {
      "icon_id": "18958846",
      "name": "播放列表",
      "font_class": "bofangliebiao",
      "unicode": "e69b",
      "unicode_decimal": 59035
    },
    {
      "icon_id": "18960093",
      "name": "音量",
      "font_class": "yinliang",
      "unicode": "e69c",
      "unicode_decimal": 59036
    },
    {
      "icon_id": "18960322",
      "name": "播放队列",
      "font_class": "bofangduilie",
      "unicode": "e69d",
      "unicode_decimal": 59037
    },
    {
      "icon_id": "18961231",
      "name": "收藏",
      "font_class": "shoucang",
      "unicode": "e69e",
      "unicode_decimal": 59038
    },
    {
      "icon_id": "18961427",
      "name": "下载",
      "font_class": "xiazai",
      "unicode": "e69f",
      "unicode_decimal": 59039
    },
    {
      "icon_id": "18962039",
      "name": "评论",
      "font_class": "pinglun",
      "unicode": "e6a0",
      "unicode_decimal": 59040
    },
    {
      "icon_id": "18962286",
      "name": "CD",
      "font_class": "CD",
      "unicode": "e6a1",
      "unicode_decimal": 59041
    },
    {
      "icon_id": "18962831",
      "name": "耳机",
      "font_class": "erji",
      "unicode": "e6a2",
      "unicode_decimal": 59042
    },
    {
      "icon_id": "18963075",
      "name": "录音",
      "font_class": "luyin",
      "unicode": "e6a3",
      "unicode_decimal": 59043
    },
    {
      "icon_id": "18963668",
      "name": "随机播放",
      "font_class": "suijibofang",
      "unicode": "e6a4",
      "unicode_decimal": 59044
    },
    {
      "icon_id": "18963837",
      "name": "顺序播放",
      "font_class": "shunxubofang",
      "unicode": "e6a5",
      "unicode_decimal": 59045
    },
    {
      "icon_id": "18965480",
      "name": "单曲循环",
      "font_class": "danquxunhuan",
      "unicode": "e6a6",
      "unicode_decimal": 59046
    },
    {
      "icon_id": "18965481",
      "name": "列表循环",
      "font_class": "liebiaoxunhuan",
      "unicode": "e6a7",
      "unicode_decimal": 59047
    },
    {
      "icon_id": "18965598",
      "name": "播放MV",
      "font_class": "bofangMV",
      "unicode": "e6a8",
      "unicode_decimal": 59048
    },
    {
      "icon_id": "18965673",
      "name": "添加到",
      "font_class": "tianjiadao",
      "unicode": "e6a9",
      "unicode_decimal": 59049
    },
    {
      "icon_id": "18965861",
      "name": "举报",
      "font_class": "jubao",
      "unicode": "e6aa",
      "unicode_decimal": 59050
    },
    {
      "icon_id": "18966796",
      "name": "会员专享",
      "font_class": "huiyuanzhuanxiang",
      "unicode": "e6ab",
      "unicode_decimal": 59051
    }
  ]
}
